title,address,categories_details,phone,website,email,category,destination
Ladengasse Uslu Gastro GmbH,"Zentralstrasse 16, 6030 Ebikon",Restaurant • Pizzeria • Takeout,tel:+41414402366,http://www.restaurant-ladengasse.ch,info@restaurant-ladengasse.ch,pizzeria,lucerne (canton)
caffè e più,"Unterfeld 4a, 6102 Malters",Pizzeria • Restaurant,tel:+41414970161,http://www.caffeepiu.ch,info@caffeepiu.ch,pizzeria,lucerne (canton)
Fulmine,"Luzernerstrasse 2A, 6037 Root",Pizzeria • Pizza Take Away,tel:+41414503636,http://www.fulmine-root.ch,,pizzeria,lucerne (canton)
Pizzeria Gelateria Da Linda,"Mühleplatz 1, 6210 Sursee",Pizzeria • Ice cream parlors,tel:+41419214403,http://www.dalinda-sursee.ch,,pizzeria,lucerne (canton)
Al Forno,"Luzernerstrasse 27, 6010 Kriens",Pizzeria • Restaurant,tel:+41413111022,http://www.ristorante-alforno.ch,,pizzeria,lucerne (canton)
Da Mario,"Centralstrasse 12, 6210 Sursee",Restaurant • Pizzeria,tel:+41419211037,,info@damario.ch,pizzeria,lucerne (canton)
Didi's Pizza-Corner 'die kleine Kneipe',"Bergblick, 6110 Wolhusen",Restaurant • Pizzeria,tel:+41414900505,,holzofenbrot@bluewin.ch,pizzeria,lucerne (canton)
Il Castello III,"Hauptgasse 5, 6130 Willisau",Restaurant • Pizzeria,tel:+41419703442,,info@ristorante-castello.ch,pizzeria,lucerne (canton)
La Strada,"Dorfstrasse 39, 6142 Gettnau",Restaurant • Pizzeria,tel:+41794446425,http://www.lastrada-willisau.ch,,pizzeria,lucerne (canton)
Restaurant Caravelle,"Denkmalstrasse 2, 6006 Luzern",Italian cuisine • Restaurants according to speciality • Swiss cuisine • Restaurant • Pizzeria,tel:+41414107464,http://www.restaurantcaravelle.ch,info@restaurantcaravelle.ch,pizzeria,lucerne (canton)
Restaurant-Pizzeria Sonne,"Dorfstrasse 13, 6275 Ballwil",Restaurant • Pizzeria,tel:+41414481318,,mattpizzeria@bluewin.ch,pizzeria,lucerne (canton)
Bistro Nihat,"Bahnhofstrasse 26, 6110 Wolhusen",Kebab Döner • Restaurant • Pizzeria • Chinese cuisine • Restaurants according to speciality,tel:+41414900144,http://www.bistronihat.ch,info@bistronihat.ch,pizzeria,lucerne (canton)
Cucina Italiana & Steak house,"Ebisquare-Strasse 1, 6030 Ebikon",Pizzeria • Steakhouse • Restaurants according to speciality,tel:+41414407979,https://www.andulino.com,andulinomos@gmail.com,pizzeria,lucerne (canton)
Fulmine,"Hauptstrasse 34, 6280 Hochdorf",Pizzeria • Restaurant,tel:+41419104888,http://www.fulmine-lieferservice.ch,,pizzeria,lucerne (canton)
Grottino,"Rüeggisingerstrasse 69, 6020 Emmenbrücke",Pizzeria • Restaurant • Home delivery service • Pizza Take Away,tel:+41412801221,http://www.pizzeria-grottino.ch,,pizzeria,lucerne (canton)
La Bestia - Pizza Pizza,"Frankenstrasse 6A, 6003 Luzern",Restaurant • Pizzeria • Takeout,tel:+41412202406,http://www.labestia-luzern.ch,info@labestia-luzern.ch,pizzeria,lucerne (canton)
La Stazione Ristorante,"Stationsstrasse 5, 6252 Dagmersellen",Pizzeria • Restaurant,tel:+41627561606,http://www.pizzeria-lastazione.ch,info@pizzeria-lastazione.ch,pizzeria,lucerne (canton)
Restaurant Café Pizzeria Muoshof,"Hellbühlstrasse 2, 6102 Malters",Restaurant • Pizzeria,tel:+41414974588,http://www.muoshof.ch,info@muoshof.ch,pizzeria,lucerne (canton)
Restaurant Pizzeria Rössli,"Dorf 17, 6218 Ettiswil",Restaurant • Pizzeria,tel:+41419803312,http://www.roessliettiswil.ch,,pizzeria,lucerne (canton)
Restaurant Pizzeria Sonne,"Zentralstrasse 7, 6030 Ebikon",Restaurant • Pizzeria,tel:+41414409040,http://sonne-danos.ch,essen@sonne-ebikon.ch,pizzeria,lucerne (canton)
Ristorante Il Gusto,"Hauptstrasse 13, 6033 Buchrain",Restaurant • Pizzeria,tel:+41414401333,https://www.ilgusto-buchrain.ch,info@ilgustobuchrain.ch,pizzeria,lucerne (canton)
Thomy's,"Gerliswilstrasse 72, 6020 Emmenbrücke",Restaurant • Pizzeria • Kebab Döner • Home delivery service,tel:+41412606666,https://tel.local.ch/de/d/Emmenbruecke/6020/Restaurant/Thomys-SRsYPTMPsvrZVXwhGfLR6Q?dwhat=bar&dwhere=emmenbr%C3%BCcke,,pizzeria,lucerne (canton)
Da Pino Lodise,"Eduard Huberstrasse 7, 6022 Grosswangen",Pizzeria • Restaurant,tel:+41419214111,,,pizzeria,lucerne (canton)
Drei Könige,"Dorf 27, 6162 Entlebuch",Hotel • Pizzeria,tel:+41414801227,,landgasthof@bluewin.ch,pizzeria,lucerne (canton)
Piazza-Verde GmbH,"Luzernstrasse 1a, 6016 Hellbühl",Restaurant • Pizzeria • Takeout,tel:+41414673826,,,pizzeria,lucerne (canton)
Restaurant Neuhof Lanterna,"Bireggstrasse 24, 6003 Luzern",Restaurant • Italian cuisine • Restaurants according to speciality • Pizzeria,tel:+41413601080,http://restaurant-neuhof.webnode.com/,restaurant_neuhof@outlook.com,pizzeria,lucerne (canton)
Restaurant Pizzeria Casa Mia,"Obgardirain 3, 6043 Adligenswil",Pizza Take Away • Restaurant • Pizzeria • Pizza delivery,tel:+41413707272,,,pizzeria,lucerne (canton)
Altstadt-Pizzeria zur Mühle,"Mühleplatz 10, 6210 Sursee",Restaurant • Pizzeria,tel:+41419215810,,,pizzeria,lucerne (canton)
Pizzeria Cavallino GmbH,"Hauptstrasse 3, 6170 Schüpfheim",Pizzeria • Restaurant,tel:+41414850525,,info@pizzeria-cavallino.ch,pizzeria,lucerne (canton)
Pizzeria-Trattoria SeeHotel Gotthard,"Gotthardstrasse 11, 6353 Weggis",Pizzeria,tel:+41413902114,,,pizzeria,lucerne (canton)
Polat AG,"Luzernerstrasse 1, 6233 Büron",Restaurant • Pizzeria,tel:+41419333322,,,pizzeria,lucerne (canton)
Restaurant Sternen,"Seetalstrasse 100, 6032 Emmen",Restaurant • Pizzeria,tel:+41412621416,,,pizzeria,lucerne (canton)
Rathaus Imbiss,"Unterstadt 2, 6210 Sursee",Pizzeria • Home delivery service,tel:+41419203719,,,pizzeria,lucerne (canton)
Restaurant Pizzeria Schlössli Da Luca,"Nebikerstrasse 18, 6247 Schötz",Pizzeria • Restaurant,tel:+41419803305,,,pizzeria,lucerne (canton)
Roni Gastro GmbH,"Industriestrasse 15, 6010 Kriens",Pizzeria,tel:+41413405060,,,pizzeria,lucerne (canton)
Gasthaus Adler,"Vorstatt 4, 6244 Nebikon",Restaurant • Pizzeria,tel:+41627562122,,,pizzeria,lucerne (canton)
Papazziano,"Ebisquare-Strasse 1, 6030 Ebikon",Pizzeria,tel:+41414500406,,info@papazziano.ch,pizzeria,lucerne (canton)
PIZZA RUSWIL,"Hellbühlerstrasse 38, 6017 Ruswil",Pizza Take Away • Home delivery service • Pizzeria,tel:+41414952800,,,pizzeria,lucerne (canton)
Restaurant Protos,"Luzernstrasse 66, 6208 Oberkirch LU",Pizzeria,tel:+41419221181,,,pizzeria,lucerne (canton)
Schweizerheim,"Luzernstrasse 2, 6210 Sursee",Pizzeria,tel:+41419211261,,,pizzeria,lucerne (canton)
Väster GmbH,"Dorfstrasse 13, 6264 Pfaffnau",Restaurant • Pizzeria,tel:+41627541533,,,pizzeria,lucerne (canton)
Dazan pizza,"Zürichstrasse 85, 6004 Luzern",Pizzeria • Kebab Döner • Takeout,tel:+41415340264,,,pizzeria,lucerne (canton)
Gimi's Pizza und Panini,"Baselstrasse 76, 6003 Luzern",Pizzeria,tel:+41412406811,,,pizzeria,lucerne (canton)
Don Carlos Restaurant Pizzeria,"Ruopigenplatz 14, 6015 Luzern",Restaurant • Wine store,tel:+41412506622,http://www.doncarlosrestaurant.ch,,pizzeria,lucerne (canton)
Restaurant Pizzeria Schlüssel,"Lindenstrasse 42, 6015 Luzern",Restaurant,tel:+41412402610,,,pizzeria,lucerne (canton)
Ristorante Pizzeria Weisses Kreuz,"Furrengasse 19, 6004 Luzern",Italian cuisine • Restaurants according to speciality,tel:+41414188220,,,pizzeria,lucerne (canton)
Pizzeria La Baracca,"Theaterstrasse 7, 6003 Luzern",Restaurant,tel:+41413101212,,,pizzeria,lucerne (canton)
Pizzeria Valle Rossa,"Hauptplatz 7, 6017 Ruswil",,tel:+41414951125,,info@roessli-ruswil.ch,pizzeria,lucerne (canton)
Ristorante Pizzeria da Vinci,"Oberdierikonerstrasse 3, 6030 Ebikon",,tel:+41414404091,,glorioso@hispeed.ch,pizzeria,lucerne (canton)
Pizzeria Känguru,"Flecken 9, 6023 Rothenburg",,tel:+41412823131,,,pizzeria,lucerne (canton)
Ristorante Pizzeria Modomio,"St.-Karli-Quai 9, 6004 Luzern",Restaurant,tel:+41414107777,,modomio2008@yahoo.com,pizzeria,lucerne (canton)
Sammoos's Pizzeria & Cafe,"Luzernerstrasse 5, 6294 Ermensee",Pizza delivery,tel:+41415354051,,,pizzeria,lucerne (canton)
Kuonimatt Steakhouse & Pizzeria,"Industriestrasse 9, 6010 Kriens",,tel:+41413404760,,,pizzeria,lucerne (canton)
"Pizzeria, Restaurant Friedau","Dorfstrasse 33, 6260 Reidermoos",,tel:+41795070723,,,pizzeria,lucerne (canton)
Restaurant Pizzeria Kreuz,"Dorfstrasse 2, 6264 Pfaffnau",,tel:+41627540158,,,pizzeria,lucerne (canton)
Restaurant & Pizzeria Lux,"Neuenkirchstrasse 3, 6020 Emmenbrücke",,tel:+41412806373,,,pizzeria,lucerne (canton)
Restaurant-Pizzeria Meienrisli,"Baselstrasse 95, 6003 Luzern",,tel:+41414102504,,,pizzeria,lucerne (canton)
Restaurant Pizzeria Stromboli,"Chäppelimatt 7, 6232 Geuensee",,tel:+41419218001,,,pizzeria,lucerne (canton)
Restaurant Pizzeria Terrasse,"Spitalstrasse 23, 6110 Wolhusen",,tel:+41414904861,,,pizzeria,lucerne (canton)
Türmli Restaurant & Pizzeria,"Stadtstrasse 47, 6204 Sempach",,tel:+41414602288,,,pizzeria,lucerne (canton)
Casa Mia Pizzeria,"Obgardirain 3, 6043 Adligenswil",,tel:+41413707272,,,pizzeria,lucerne (canton)
Krienser Pizzeria,"Fenkernstrasse 2, 6010 Kriens",,tel:+41413201934,,,pizzeria,lucerne (canton)
Pizzeria Ciao,"Dorfstrasse 2, 6005 Luzern",,tel:+41413703938,,,pizzeria,lucerne (canton)
Pizzeria da Giamma,"Bahnhofstrasse 42, 6037 Root",,tel:+41414505051,,,pizzeria,lucerne (canton)
Pizzeria da Giorgio,"Hauptstrasse 15, 6045 Meggen",,tel:+41767984283,,,pizzeria,lucerne (canton)
Pizzeria da Milo,"Bruchstrasse 68, 6003 Luzern",,tel:+41412406765,,pizzeriadamilo@gmx.net,pizzeria,lucerne (canton)
Pizzeria La Vita,"Flecken 3, 6023 Rothenburg",,tel:+41415588110,,,pizzeria,lucerne (canton)
Pizzeria Panorama,"Rüeggisingerstrasse 27, 6032 Emmen",,,,,pizzeria,lucerne (canton)
Restaurant Pizzeria Gasshof,"Renggstrasse 10, 6014 Luzern",,tel:+41415348658,,,pizzeria,lucerne (canton)
Restaurant- Pizzeria Venezia,"Rankstrasse 1, 6294 Ermensee",,tel:+41625587377,,veneziaermensee@gmail.com,pizzeria,lucerne (canton)
Ristorante Pizzeria Bahnhof,"Bahnhofstrasse 10, 6244 Nebikon",,tel:+41627561041,,,pizzeria,lucerne (canton)
Treffpunkt Mittelmeer Pizzeria,"Münsterstrasse 2, 6210 Sursee",,tel:+41419218080,,,pizzeria,lucerne (canton)
Bar Pizzeria Oskar Restaurant,"Neustadtstrasse 27, 6003 Luzern",,tel:+41412100804,,,pizzeria,lucerne (canton)
Panorama,"Rüeggisingerstrasse 27, 6020 Emmenbrücke",Restaurant,tel:+41412606640,,,pizzeria,lucerne (canton)
SeeHotel Gotthard,"Gotthardstrasse 11, 6353 Weggis",Hotel,tel:+41413902114,,gotthard@gotthard-weggis.ch,pizzeria,lucerne (canton)
Restaurant Hofmatt,"Hofmattweg 6, 6010 Kriens",Restaurant,tel:+41413203434,,,pizzeria,lucerne (canton)
Linde,"Metzgerrainle 3, 6004 Luzern",Hotel,tel:+41414103193,,,pizzeria,lucerne (canton)
Prizzi Restaurant,"Tribschenstrasse 18, 6005 Luzern",,tel:+41413620100,,,pizzeria,lucerne (canton)
Valentino-La Capella,"Metzgerrainle 3, 6004 Luzern",Restaurant,tel:+41414103193,,,pizzeria,lucerne (canton)
Stancanelli Giuseppe,"Kleinwangenstrasse 14, 6280 Hochdorf",,tel:+41415304057,,,pizzeria,lucerne (canton)
